pop_size,generations,F,CR,mean_fitness,std_fitness,all_fitnesses
50,50,0.5,0.7,0.9164811608541511,0.004663908194816079,"[0.9131832797427653, 0.9230769230769231, 0.9131832797427653]"
50,50,0.5,0.9,0.9339611842265988,0.0074287179854566196,"[0.9240506329113924, 0.9419354838709677, 0.9358974358974359]"
50,50,0.8,0.7,0.919551893745442,0.007612350184526709,"[0.926984126984127, 0.9090909090909091, 0.9225806451612903]"
50,50,0.8,0.9,0.9208664619152865,0.0066855297722292345,"[0.9115646258503401, 0.926984126984127, 0.9240506329113924]"
