algorithm,accuracy,recall,precision,f1,predicted_positive,predicted_negative,runtime
GA,0.9641025641025641,1.0,0.9545454545454546,0.9767441860465116,154,41,21.280781984329224
PSO,0.958974358974359,0.9795918367346939,0.9664429530201343,0.972972972972973,149,46,5.505879878997803
DE,0.8923076923076924,1.0,0.875,0.9333333333333333,168,27,5.174402952194214
ABC,0.8512820512820513,0.9795918367346939,0.8470588235294118,0.9085173501577287,170,25,10.952171802520752
