algorithm,accuracy,recall,precision,f1,predicted_positive,predicted_negative,runtime
PSO,0.958974358974359,1.0,0.9483870967741935,0.9735099337748344,155,40,83.84598970413208
GA,0.9282051282051282,1.0,0.9130434782608695,0.9545454545454546,161,34,238.93382573127747
DE,0.8923076923076924,1.0,0.875,0.9333333333333333,168,27,64.63722372055054
ABC,0.8512820512820513,0.9795918367346939,0.8470588235294118,0.9085173501577287,170,25,121.46802830696106
