algorithm,accuracy,recall,precision,f1,predicted_positive,predicted_negative,runtime
GA,0.9487179487179487,1.0,0.9363057324840764,0.9671052631578947,157,38,68.50696468353271
PSO,0.9282051282051282,1.0,0.9130434782608695,0.9545454545454546,161,34,17.483619451522827
DE,0.8923076923076924,1.0,0.875,0.9333333333333333,168,27,16.68666124343872
ABC,0.8512820512820513,0.9795918367346939,0.8470588235294118,0.9085173501577287,170,25,44.37591314315796
