algorithm,accuracy,recall,precision,f1,predicted_positive,predicted_negative,runtime
GA,0.9538461538461539,1.0,0.9423076923076923,0.9702970297029703,156,39,61.711915254592896
PSO,0.9128205128205128,1.0,0.8963414634146342,0.9453376205787781,164,31,16.386946439743042
DE,0.8923076923076924,1.0,0.875,0.9333333333333333,168,27,16.125990629196167
ABC,0.8512820512820513,0.9795918367346939,0.8470588235294118,0.9085173501577287,170,25,35.88058853149414
